{
    "pty": {
        "id": 3,
        "is": [
            {"cat":1, "acc_n":"101", "acc":"Sales"},
            {"cat":6, "acc_n":"", "acc":"Investment Income"},
            {"cat":7, "acc_n":"304", "acc":"Cost of Sales/Cost of goods sold"},
            {"cat":2, "acc_n":"401", "acc":"Admin and Selling Expenses"}
        ],
        "bs": [
            {"cat":3, "typ":1, "acc_n":"580", "acc":"Trade Investments"},
            {"cat":3, "typ":2, "acc_n":"520", "acc":"Investment Property at Cost"},
            {"cat":4, "typ":0, "acc_n":"600", "acc":"Share Capital"},
            {"cat":5, "typ":3, "acc_n":"701", "acc":"Short Term loans Payable"},
            {"cat":5, "typ":4, "acc_n":"761", "acc":"Secured Long term loans"}
        ]
    },
    "cc": {

    }
}